eigengene,trait,cor,p_val
MEblue,soldier,0.9910969612211565,2.1734808846399506e-7
MEturquoise,nymph,0.9821515609765828,2.4579753145001527e-6
MEbrown,worker,0.9387140023220231,1.7665930072649665e-4
MEyellow,soldier,-0.8595351057705929,0.002972869544137177
